{
  "eye": {
    "orientation": [
      -0.07503001391887665,
      0.9063245058059692,
      0.07566680014133453,
      -0.4089266359806061
    ],
    "magnitude": 0.5773502588272095,
    "position": [
      -225.691650390625,
      22.75562286376953,
      -196.33009338378906
    ]
  },
  "radius": 150,
  "type": "PERSPECTIVE"
}