{
  "eye": {
    "orientation": [
      0.4278564453125,
      -0.36358174681663513,
      -0.008591371588408947,
      0.8274499177932739
    ],
    "magnitude": 0.5773502588272095,
    "position": [
      -182.7269287109375,
      -210.51416015625,
      110.88190460205078
    ]
  },
  "radius": 150,
  "type": "PERSPECTIVE"
}