{
  "eye": {
    "orientation": [
      0.0833243876695633,
      -0.704472541809082,
      -0.29590898752212524,
      -0.6396979689598083
    ],
    "magnitude": 0.5773502588272095,
    "position": [
      255.34442138671875,
      157.46038818359375,
      -2.377253293991089
    ]
  },
  "radius": 150,
  "type": "PERSPECTIVE"
}